"comp","PCA"
"3.33157435","PC1"
"1.83301347","PC2"
"1.51358274","PC3"
"1.34101772","PC4"
"1.17830907","PC5"
"0.96183244","PC6"
"0.92385135","PC7"
"0.90083410","PC8"
"0.81798059","PC9"
"0.68540408","PC10"
"0.67703362","PC11"
"0.54540669","PC12"
"0.50869692","PC13"
"0.47407234","PC14"
"0.43321743","PC15"
"0.40525490","PC16"
"0.36022698","PC17"
"0.33981132","PC18"
"0.28193650","PC19"
"0.23618832","PC20"
"0.21019469","PC21"
"0.16572985","PC22"
"0.14161034","PC23"
"0.00000000","PC24"
